title,,,,,,,,,
Camping Shirt Tee T-Shirt.png,,,,,,,,,Camping Hobbie Mountain Camper Campfire Adventure
Camping Shirt This Is My Camping Shirt Camp Camper Tee T-Shirt.png,,,,,,,,,Camping Cool Mountain Camper Campfire Adventure
Camping Shirt Women Camper RV Vacation Camping Women T-Shirt Copy Copy.png,,,,,,,,,Camping This Is My Camping Camp Camper
Camping Shirt Women Camper RV Vacation Camping Women T-Shirt Copy.png,,,,,,,,,Camping Camper Rv Vacation Camping Lover
Camping Shirt Women Camper RV Vacation Camping Women T-Shirt.png,,,,,,,,,Camping Camper Rv Vacation Camping Fun
Camping Shirt Women Girls Camper RV Camping Trailer Park T-Shirt.png,,,,,,,,,Camping Camper Rv Vacation Camping Exploring
Camping Shirts I Hate Pulling Out RV Camper Retro Trailers T-Shirt.png,,,,,,,,,Camping Girls Camper Rv Camping Trailer Park
Camping Shirts We're More Than Just Camping Friends Camper T-Shirt.png,,,,,,,,,Camping I Hate Pulling Out Rv Camper Retro Trailers
Camping Sloth Hiking Team Summer Vacation Mountain Climbing T-Shirt Copy.png,,,,,,,,,Camping We're More Than Just Camping Friends Camper
Camping Sloth Hiking Team Summer Vacation Mountain Climbing T-Shirt.png,,,,,,,,,Camping Sloth Hiking Team Summer Vacation Mountain Climbing Lover
Camping Solves Most Of My Problems - Bear And Bourbon T-Shirt.png,,,,,,,,,Camping Sloth Hiking Team Summer Vacation Mountain Climbing Lovely
Camping Solves Most Of My Problems Beer Solves The Rest T-Shirt.png,,,,,,,,,Camping Solves Most Of My Problems Bear Bourbon
Camping Solves Most Of My Problems Bourbon Bear Solves Rest T-Shirt.png,,,,,,,,,Camping Solves Most Of My Problems Beer Solves The Rest
Camping Solves Most Of My Problems Bourbon Funny Bear Drink T-Shirt.png,,,,,,,,,Camping Solves Most Of My Problems Bourbon Bear Solves Rest
Camping Solves Most Of My Problems Bourbon Solves The Rest T-Shirt Copy Copy.png,,,,,,,,,Camping Solves Most Of My Problems Bourbon Funny Bear Drink
Camping Solves Most Of My Problems Bourbon Solves The Rest T-Shirt Copy.png,,,,,,,,,Camping Solves Most Of My Problems Bourbon Solves The Rest Exploring
Camping Solves Most Of My Problems Bourbon Solves The Rest T-Shirt.png,,,,,,,,,Camping Solves Most Of My Problems Bourbon Solves The Rest Hobbie
Camping Solves Most Of My Problems RV Camping Holiday Camper T-Shirt Copy.png,,,,,,,,,Camping Solves Most Of My Problems Bourbon Solves The Rest Cool
Camping Solves Most Of My Problems RV Camping Holiday Camper T-Shirt.png,,,,,,,,,Camping Solves Most Of My Problems Rv Camping Holiday Camper Lover
CAMPING SOLVES MOST OF MY PROBLEMS T-SHIRT T-Shirt.png,,,,,,,,,Camping Solves Most Of My Problems Rv Camping Holiday Camper Cool
Camping Squad T-Shirt.png,,,,,,,,,Camping Solves Most Of My Problems
Camping Stay Wild Hiking Summer Vacation Mountain Climbing T-Shirt.png,,,,,,,,,Camping Squad Mountain Camper Campfire Adventure
Camping T Shirts Camping Is In Tents For Camp Lover T-Shirt.png,,,,,,,,,Camping Stay Wild Hiking Summer Vacation Mountain Climbing
Camping Take A Hike Funny Summer Hiking Mountain Climbing T-Shirt Copy Copy.png,,,,,,,,,Camping T Camping Is In Tents Camp Lover
Camping Take A Hike Funny Summer Hiking Mountain Climbing T-Shirt Copy.png,,,,,,,,,Camping Take A Hike Funny Summer Hiking Mountain Climbing Funny
Camping Take A Hike Funny Summer Hiking Mountain Climbing T-Shirt.png,,,,,,,,,Camping Take A Hike Funny Summer Hiking Mountain Climbing Loving
Camping Take A Hike Rainbow Summer Hiking Mountain Climbing T-Shirt.png,,,,,,,,,Camping Take A Hike Funny Summer Hiking Mountain Climbing Love
Camping Tee For Men Funny King Of The Camper T-Shirt.png,,,,,,,,,Camping Take A Hike Rainbow Summer Hiking Mountain Climbing
Camping Tee If It Involves Camping & Bacon Count Me In Camp T-Shirt.png,,,,,,,,,Camping Funny King Of The Camper
Camping Tee If It Involves Camping & Bacon Count Me In T-Shirt.png,,,,,,,,,Camping If It Involves Camping Bacon Count Me In Camp
Camping Tee If It Involves Camping & Bacon Count Me T-Shirt.png,,,,,,,,,Camping If It Involves Camping Bacon Count Me In
Camping Tee If It Involves Camping & Bacon T-Shirt.png,,,,,,,,,Camping If It Involves Camping Bacon Count Me
Camping Tee I'm Done Adulting Where Is My Camper T-Shirt.png,,,,,,,,,Camping If It Involves Camping Bacon
Camping Tee Jesus Coffee And Camping T-Shirt.png,,,,,,,,,Camping I'm Done Adulting Where Is My Camper
Camping Tee Living In A Van Down By The River T-Shirt.png,,,,,,,,,Camping Jesus Coffee Camping Mountain Camper Campfire Adventure
Camping Tee Retro Style Camper Vintage Van T-Shirt.png,,,,,,,,,Camping Living In A Van Down The River
Camping Tent Nature Trees Wildlife Camper Mountains Forest T-Shirt.png,,,,,,,,,Camping Retro Style Camper Vintage Van
Camping Texas Vintage Hippie tee Retro Sixties Van tee T-Shirt.png,,,,,,,,,Camping Tent Nature Trees Wildlife Camper Mountains Forest
Camping Think Outside No Box Required T-Shirt.png,,,,,,,,,Camping Texas Vintage Hippie Retro Sixties Van
Camping Today's Agenda Camp Campers Adventure T-Shirt.png,,,,,,,,,Camping Think Outside No Box Required
Camping Today's Agenda Campfire Outdoor T-Shirt.png,,,,,,,,,Camping Today's Agenda Camp Campers Adventure
Camping Trailer Camper Van Mobile Home Caravan Motorhome T-Shirt.png,,,,,,,,,Camping Today's Agenda Campfire Outdoor
Camping Trailer Camper Van Mobile Home Caravan Vintage T-Shirt.png,,,,,,,,,Camping Trailer Camper Van Mobile Home Caravan Motorhome
Camping Trailer Mobile Home Motorhome RV T-Shirt.png,,,,,,,,,Camping Trailer Camper Van Mobile Home Caravan Vintage
Camping Travel Trailer King Of The RV T-Shirt.png,,,,,,,,,Camping Trailer Mobile Home Motorhome Rv
Camping Tribe Camping Bride Bachelorette Matching Outfits T-Shirt.png,,,,,,,,,Camping Travel Trailer King Of The Rv
"Camping Truck - Boats, Watercraft, Kayaks & Paddleboards T-Shirt.png",,,,,,,,,Camping Tribe Camping Bride Bachelorette Matching S
Camping T-Shirt.png,,,,,,,,,Camping Truck Boats Watercraft Kayaks Paddleboards
Camping Tshirts Funny For Camper Men Women Camp Skill Saying T-Shirt.png,,,,,,,,,Camping Funny Camper Camp Skill Saying
Camping under the stars cute landscape T-Shirt.png,,,,,,,,,Camping Under The Stars Cute Landscape
Camping Vibes Only - Positive Camper T-Shirt.png,,,,,,,,,Camping Vibes Only Positive Camper
Camping Vintage Master Of The Campfire Camper T-Shirt.png,,,,,,,,,Camping Vintage Master Of The Campfire Camper
Camping Wander Woman Cute Mountain Climbing or Hiking Gear T-Shirt Copy.png,,,,,,,,,Camping Wander Woman Cute Mountain Climbing Or Hiking Gear Cute
Camping Wander Woman Cute Mountain Climbing or Hiking Gear T-Shirt.png,,,,,,,,,Camping Wander Woman Cute Mountain Climbing Or Hiking Gear Funny
Camping Welcome To Camp Fun Summer Hiking Climbing Gear T-Shirt.png,,,,,,,,,Camping Welcome To Camp Fun Summer Hiking Climbing Gear
Camping Where Friends And Marshmallows Get Toasted Funny T-Shirt Copy.png,,,,,,,,,Camping Where Friends Marshmallows Get Toasted Funny Fun
Camping Where Friends And Marshmallows Get Toasted Funny T-Shirt.png,,,,,,,,,Camping Where Friends Marshmallows Get Toasted Funny Cool
Camping Where You Spend A Small Fortune Live Homeless Person T-Shirt.png,,,,,,,,,Camping Where You Spend A Small Fortune Live Homeless Person
Camping where you spend a small fortune tu live like a T-Shirt.png,,,,,,,,,Camping Where You Spend A Small Fortune Tu Live Like A
Camping With Cicadas Is A Constant Buzz Funny Tent Bug Lover T-Shirt.png,,,,,,,,,Camping With Cicadas Is A Constant Buzz Funny Tent Bug Lover
Camping without beer is just sitting in the woods Camping T-Shirt.png,,,,,,,,,Camping Without Beer Is Just Sitting In The Woods Camping
Camping Without Beer Is Just Sitting In The Woods Funny Gift T-Shirt.png,,,,,,,,,Camping Without Beer Is Just Sitting In The Woods Funny
Camping Without Beer Is Just Sitting In Woods Funny T-Shirt.png,,,,,,,,,Camping Without Beer Is Just Sitting In Woods Funny
Camping Without Wine Is Just Sitting In The Woods T-Shirt.png,,,,,,,,,Camping Without Wine Is Just Sitting In The Woods
Camping Women's Campfires and Cocktails Funny Ladies T-Shirt.png,,,,,,,,,Camping's Campfires Cocktails Funny Ladies
Camping Worst Case Scenario Bear Funny Summer Hiking Gear T-Shirt.png,,,,,,,,,Camping Worst Case Scenario Bear Funny Summer Hiking Gear
"Camping, Camp, Nature, Not All Classroom Have Four Wall T-Shirt.png",,,,,,,,,Camping Camp Nature Not All Classroom Have Four Wall
"Camping, Funny Saying Adventure Awaits T-Shirt.png",,,,,,,,,Camping Funny Saying Adventure Awaits
