origin,parsed
Camping Shirt Tee T-Shirt.png,Camping Shirt Tee Tshirt Puppy Funny Phrase
Camping Shirt This Is My Camping Shirt Camp Camper Tee T-Shirt.png,Camping Shirt This Is My Camping Shirt Camp Camper Tee Tshirt
Camping Shirt Women Camper RV Vacation Camping Women T-Shirt Copy Copy.png,Camping Shirt Women Camper Rv Vacation Camping Women Tshirt Copy Copy
Camping Shirt Women Camper RV Vacation Camping Women T-Shirt Copy.png,Camping Shirt Women Camper Rv Vacation Camping Women Tshirt Copy
Camping Shirt Women Camper RV Vacation Camping Women T-Shirt.png,Camping Shirt Women Camper Rv Vacation Camping Women Tshirt
Camping Shirt Women Girls Camper RV Camping Trailer Park T-Shirt.png,Camping Shirt Women Girls Camper Rv Camping Trailer Park Tshirt
Camping Shirts I Hate Pulling Out RV Camper Retro Trailers T-Shirt.png,Camping Shirts I Hate Pulling Out Rv Camper Retro Trailers Tshirt
Camping Shirts We're More Than Just Camping Friends Camper T-Shirt.png,Camping Shirts We're More Than Just Camping Friends Camper Tshirt
Camping Sloth Hiking Team Summer Vacation Mountain Climbing T-Shirt Copy.png,Camping Sloth Hiking Team Summer Vacation Mountain Climbing Tshirt Copy
Camping Sloth Hiking Team Summer Vacation Mountain Climbing T-Shirt.png,Camping Sloth Hiking Team Summer Vacation Mountain Climbing Tshirt
Camping Solves Most Of My Problems - Bear And Bourbon T-Shirt.png,Camping Solves Most Of My Problems Bear And Bourbon Tshirt
Camping Solves Most Of My Problems Beer Solves The Rest T-Shirt.png,Camping Solves Most Of My Problems Beer Solves The Rest Tshirt
Camping Solves Most Of My Problems Bourbon Bear Solves Rest T-Shirt.png,Camping Solves Most Of My Problems Bourbon Bear Solves Rest Tshirt
Camping Solves Most Of My Problems Bourbon Funny Bear Drink T-Shirt.png,Camping Solves Most Of My Problems Bourbon Funny Bear Drink Tshirt
Camping Solves Most Of My Problems Bourbon Solves The Rest T-Shirt Copy Copy.png,Camping Solves Most Of My Problems Bourbon Solves The Rest Tshirt Copy Copy
Camping Solves Most Of My Problems Bourbon Solves The Rest T-Shirt Copy.png,Camping Solves Most Of My Problems Bourbon Solves The Rest Tshirt Copy
Camping Solves Most Of My Problems Bourbon Solves The Rest T-Shirt.png,Camping Solves Most Of My Problems Bourbon Solves The Rest Tshirt
Camping Solves Most Of My Problems RV Camping Holiday Camper T-Shirt Copy.png,Camping Solves Most Of My Problems Rv Camping Holiday Camper Tshirt Copy
Camping Solves Most Of My Problems RV Camping Holiday Camper T-Shirt.png,Camping Solves Most Of My Problems Rv Camping Holiday Camper Tshirt
CAMPING SOLVES MOST OF MY PROBLEMS T-SHIRT T-Shirt.png,Camping Solves Most Of My Problems Tshirt Tshirt
Camping Squad T-Shirt.png,Camping Squad Tshirt Puppy Funny Phrase
Camping Stay Wild Hiking Summer Vacation Mountain Climbing T-Shirt.png,Camping Stay Wild Hiking Summer Vacation Mountain Climbing Tshirt
Camping T Shirts Camping Is In Tents For Camp Lover T-Shirt.png,Camping T Shirts Camping Is In Tents For Camp Lover Tshirt
Camping Take A Hike Funny Summer Hiking Mountain Climbing T-Shirt Copy Copy.png,Camping Take A Hike Funny Summer Hiking Mountain Climbing Tshirt Copy Copy
Camping Take A Hike Funny Summer Hiking Mountain Climbing T-Shirt Copy.png,Camping Take A Hike Funny Summer Hiking Mountain Climbing Tshirt Copy
Camping Take A Hike Funny Summer Hiking Mountain Climbing T-Shirt.png,Camping Take A Hike Funny Summer Hiking Mountain Climbing Tshirt
Camping Take A Hike Rainbow Summer Hiking Mountain Climbing T-Shirt.png,Camping Take A Hike Rainbow Summer Hiking Mountain Climbing Tshirt
Camping Tee For Men Funny King Of The Camper T-Shirt.png,Camping Tee For Men Funny King Of The Camper Tshirt
Camping Tee If It Involves Camping & Bacon Count Me In Camp T-Shirt.png,Camping Tee If It Involves Camping & Bacon Count Me In Camp Tshirt
Camping Tee If It Involves Camping & Bacon Count Me In T-Shirt.png,Camping Tee If It Involves Camping & Bacon Count Me In Tshirt
Camping Tee If It Involves Camping & Bacon Count Me T-Shirt.png,Camping Tee If It Involves Camping & Bacon Count Me Tshirt
Camping Tee If It Involves Camping & Bacon T-Shirt.png,Camping Tee If It Involves Camping & Bacon Tshirt
Camping Tee I'm Done Adulting Where Is My Camper T-Shirt.png,Camping Tee I'm Done Adulting Where Is My Camper Tshirt
Camping Tee Jesus Coffee And Camping T-Shirt.png,Camping Tee Jesus Coffee And Camping Tshirt
Camping Tee Living In A Van Down By The River T-Shirt.png,Camping Tee Living In A Van Down By The River Tshirt
Camping Tee Retro Style Camper Vintage Van T-Shirt.png,Camping Tee Retro Style Camper Vintage Van Tshirt
Camping Tent Nature Trees Wildlife Camper Mountains Forest T-Shirt.png,Camping Tent Nature Trees Wildlife Camper Mountains Forest Tshirt
Camping Texas Vintage Hippie tee Retro Sixties Van tee T-Shirt.png,Camping Texas Vintage Hippie Tee Retro Sixties Van Tee Tshirt
Camping Think Outside No Box Required T-Shirt.png,Camping Think Outside No Box Required Tshirt
Camping Today's Agenda Camp Campers Adventure T-Shirt.png,Camping Today's Agenda Camp Campers Adventure Tshirt
Camping Today's Agenda Campfire Outdoor T-Shirt.png,Camping Today's Agenda Campfire Outdoor Tshirt
Camping Trailer Camper Van Mobile Home Caravan Motorhome T-Shirt.png,Camping Trailer Camper Van Mobile Home Caravan Motorhome Tshirt
Camping Trailer Camper Van Mobile Home Caravan Vintage T-Shirt.png,Camping Trailer Camper Van Mobile Home Caravan Vintage Tshirt
Camping Trailer Mobile Home Motorhome RV T-Shirt.png,Camping Trailer Mobile Home Motorhome Rv Tshirt
Camping Travel Trailer King Of The RV T-Shirt.png,Camping Travel Trailer King Of The Rv Tshirt
Camping Tribe Camping Bride Bachelorette Matching Outfits T-Shirt.png,Camping Tribe Camping Bride Bachelorette Matching Outfits Tshirt
"Camping Truck - Boats, Watercraft, Kayaks & Paddleboards T-Shirt.png","Camping Truck Boats, Watercraft, Kayaks & Paddleboards Tshirt"
Camping T-Shirt.png,Camping Tshirt Puppy Funny Phrase
Camping Tshirts Funny For Camper Men Women Camp Skill Saying T-Shirt.png,Camping Tshirts Funny For Camper Men Women Camp Skill Saying Tshirt
Camping under the stars cute landscape T-Shirt.png,Camping Under The Stars Cute Landscape Tshirt
Camping Vibes Only - Positive Camper T-Shirt.png,Camping Vibes Only Positive Camper Tshirt
Camping Vintage Master Of The Campfire Camper T-Shirt.png,Camping Vintage Master Of The Campfire Camper Tshirt
Camping Wander Woman Cute Mountain Climbing or Hiking Gear T-Shirt Copy.png,Camping Wander Woman Cute Mountain Climbing Or Hiking Gear Tshirt Copy
Camping Wander Woman Cute Mountain Climbing or Hiking Gear T-Shirt.png,Camping Wander Woman Cute Mountain Climbing Or Hiking Gear Tshirt
Camping Welcome To Camp Fun Summer Hiking Climbing Gear T-Shirt.png,Camping Welcome To Camp Fun Summer Hiking Climbing Gear Tshirt
Camping Where Friends And Marshmallows Get Toasted Funny T-Shirt Copy.png,Camping Where Friends And Marshmallows Get Toasted Funny Tshirt Copy
Camping Where Friends And Marshmallows Get Toasted Funny T-Shirt.png,Camping Where Friends And Marshmallows Get Toasted Funny Tshirt
Camping Where You Spend A Small Fortune Live Homeless Person T-Shirt.png,Camping Where You Spend A Small Fortune Live Homeless Person Tshirt
Camping where you spend a small fortune tu live like a T-Shirt.png,Camping Where You Spend A Small Fortune Tu Live Like A Tshirt
Camping With Cicadas Is A Constant Buzz Funny Tent Bug Lover T-Shirt.png,Camping With Cicadas Is A Constant Buzz Funny Tent Bug Lover Tshirt
Camping without beer is just sitting in the woods Camping T-Shirt.png,Camping Without Beer Is Just Sitting In The Woods Camping Tshirt
Camping Without Beer Is Just Sitting In The Woods Funny Gift T-Shirt.png,Camping Without Beer Is Just Sitting In The Woods Funny Gift Tshirt
Camping Without Beer Is Just Sitting In Woods Funny T-Shirt.png,Camping Without Beer Is Just Sitting In Woods Funny Tshirt
Camping Without Wine Is Just Sitting In The Woods T-Shirt.png,Camping Without Wine Is Just Sitting In The Woods Tshirt
Camping Women's Campfires and Cocktails Funny Ladies T-Shirt.png,Camping Women's Campfires And Cocktails Funny Ladies Tshirt
Camping Worst Case Scenario Bear Funny Summer Hiking Gear T-Shirt.png,Camping Worst Case Scenario Bear Funny Summer Hiking Gear Tshirt
"Camping, Camp, Nature, Not All Classroom Have Four Wall T-Shirt.png","Camping, Camp, Nature, Not All Classroom Have Four Wall Tshirt Funny"
"Camping, Funny Saying Adventure Awaits T-Shirt.png","Camping, Funny Saying Adventure Awaits Tshirt Funny"
"Camping, Camp, Nature, Not All Classroom Have Four Wall T-Shirt.png","Camping, Camp, Nature, Not All Classroom Have Four Wall Tshirt Vintage"
"Camping, Funny Saying Adventure Awaits T-Shirt.png","Camping, Funny Saying Adventure Awaits Tshirt Vintage"
"Camping, Camp, Nature, Not All Classroom Have Four Wall T-Shirt.png","Camping, Camp, Nature, Not All Classroom Have Four Wall Tshirt Love"
"Camping, Funny Saying Adventure Awaits T-Shirt.png","Camping, Funny Saying Adventure Awaits Tshirt Love"
"Camping, Camp, Nature, Not All Classroom Have Four Wall T-Shirt.png",FALSE
"Camping, Funny Saying Adventure Awaits T-Shirt.png",FALSE
"Camping, Camp, Nature, Not All Classroom Have Four Wall T-Shirt.png",FALSE
"Camping, Funny Saying Adventure Awaits T-Shirt.png",FALSE
"Camping, Camp, Nature, Not All Classroom Have Four Wall T-Shirt.png",FALSE
"Camping, Funny Saying Adventure Awaits T-Shirt.png",FALSE
"Camping, Camp, Nature, Not All Classroom Have Four Wall T-Shirt.png",FALSE
"Camping, Funny Saying Adventure Awaits T-Shirt.png",FALSE
"Camping, Camp, Nature, Not All Classroom Have Four Wall T-Shirt.png",FALSE
"Camping, Funny Saying Adventure Awaits T-Shirt.png",FALSE
"Camping, Camp, Nature, Not All Classroom Have Four Wall T-Shirt.png",FALSE
"Camping, Funny Saying Adventure Awaits T-Shirt.png",FALSE
"Camping, Camp, Nature, Not All Classroom Have Four Wall T-Shirt.png",FALSE
"Camping, Funny Saying Adventure Awaits T-Shirt.png",FALSE
"Camping, Camp, Nature, Not All Classroom Have Four Wall T-Shirt.png",FALSE
"Camping, Funny Saying Adventure Awaits T-Shirt.png",FALSE
"Camping, Camp, Nature, Not All Classroom Have Four Wall T-Shirt.png",FALSE
"Camping, Funny Saying Adventure Awaits T-Shirt.png",FALSE
fdi dsd,Fdi Dsd Puppy Funny Phrase
